<?xml version="1.0" encoding="UTF-8"?><idempiere Name="AD_Form" Version="1.0.0" idempiereVersion="5.1.0.qualifier" DataBaseVersion="2017-10-31" Description="" Author="SuperUser" AuthorEmail="servicios@comus.com.ec" CreatedDate="Sat Feb 26 20:08:01 VET 2022" UpdatedDate="Sat Feb 26 20:08:01 VET 2022" PackOutVersion="100" UpdateDictionary="true" Client="0-SYSTEM-System" AD_Client_UU="11237b53-9592-4af1-b3c5-afd216514b5d">
    <AD_Form type="table">
        <AD_Client_ID>0</AD_Client_ID>
        <AD_Org_ID>0</AD_Org_ID>
        <IsActive>Y</IsActive>
        <Name>Historia Óptica</Name>
        <Description/>
        <Help/>
        <Classname>ec.com.comus.form.WOpticalRecordForm</Classname>
        <AccessLevel>3</AccessLevel>
        <EntityType>U</EntityType>
        <IsBetaFunctionality>N</IsBetaFunctionality>
        <JSPURL/>
        <AD_Form_UU>e9bf2d21-0b42-4ac9-afe4-9800a4c0a9f7</AD_Form_UU>
        <AD_CtxHelp_ID reference="id"/>
        <AD_Form_Trl type="translation">
            <Description/>
            <Name>Historia Óptica</Name>
            <Help/>
            <AD_Language>es_EC</AD_Language>
            <IsActive>Y</IsActive>
            <IsTranslated>N</IsTranslated>
        </AD_Form_Trl>
    </AD_Form>
</idempiere>
